{"g": 0.0393176869102347, "n": 0.08165981127510283, "r": 0.22380837164287443, "e": 0.3357125574643116, "b": 0.39317686910234695, "ę": 0.7500604887490927, "ż": 0.7893781756593273, "d": 1.0313331720300025, "w": 1.4366077909508832, "ń": 1.5152431647713525, "f": 2.089886281151706, "ź": 2.126179530607307, "p": 2.353012339704815, "a": 2.431647713525284, "o": 2.434672150979918, "j": 2.5798451488023226, "ć": 2.637309460440358, "m": 2.725018146624728, "y": 2.7522380837164286, "ą": 2.954875393176869, "ó": 3.251270263730946, "ł": 3.381321074280184, "u": 3.6263005081054924, "ś": 3.6746915073796274, "l": 3.822888942656666, "t": 4.092063876119042, "k": 4.194894749576579, "s": 4.7876844906847325, "h": 5.041737236873941, "z": 5.943019598354706, "c": 5.9793128478103075, "i": 9.269900798451488}