{"q": 0.23987206823027718, "h": 1.457000710732054, "z": 3.0117270788912576, "v": 5.126154939587774, "f": 7.373845060412224, "b": 9.710376687988628, "g": 12.197938877043354, "p": 15.25408670931059, "d": 18.443496801705756, "m": 21.881663113006397, "c": 25.76403695806681, "n": 29.78855721393035, "l": 34.195095948827294, "s": 38.65493958777541, "t": 43.26581378820185, "u": 48.001066098081026, "r": 54.37988628287136, "e": 64.58777540867094, "o": 75.67519545131486, "i": 87.7309879175551, "a": 100.00000000000001}