{"u": 0.10775862068965517, "l": 0.5208333333333334, "z": 1.1374521072796935, "w": 1.7840038314176245, "v": 2.783764367816092, "t": 4.938936781609195, "m": 7.159961685823754, "q": 9.770114942528735, "p": 12.535919540229886, "a": 15.343630268199234, "g": 18.163314176245212, "e": 20.994971264367816, "h": 23.916427203065133, "x": 27.203065134099617, "k": 30.735153256704983, "s": 34.51269157088123, "c": 38.601532567049816, "o": 43.01963601532568, "i": 48.14415708812262, "j": 53.43630268199235, "y": 58.87212643678163, "n": 64.65517241379312, "r": 72.31800766283527, "f": 81.12428160919542, "d": 90.51724137931036, "b": 100.00000000000001}