{"ź": 0.34478586982821197, "ń": 0.6804984272925236, "ś": 1.0736752963948706, "ó": 1.8237357851439633, "ć": 2.6131139608032905, "h": 3.6444471328332932, "ż": 5.081054923784176, "f": 6.596298088555528, "j": 8.686184369707235, "ł": 10.81236390031454, "c": 13.165376240019356, "ą": 15.597023953544639, "ę": 18.031696104524556, "g": 20.61154125332688, "w": 23.24885071376724, "b": 25.973868860391967, "z": 28.726106944108395, "d": 31.680982337285265, "p": 34.93225260101621, "n": 38.3135736752964, "m": 41.93987418340189, "t": 45.61456569078152, "s": 49.437454633438186, "y": 53.52951850955723, "l": 57.685095572223574, "k": 61.87999032180015, "e": 66.66767481248488, "r": 71.70941204935882, "u": 77.65243164771353, "i": 83.63174449552383, "o": 90.73009920154851, "a": 100.0}